train_BGc,model_fit,rbm_accuracy,logit_accuracy
0.449597,new,0.96499999999999997,0.83999999999999997
